Rank,Word,Count
1,internship,48
2,data,38
3,engineer,32
4,and,31
5,senior,31
6,manager,29
7,ai,23
8,specialist,21
9,training,21
10,developer,18
11,with,16
12,security,16
13,cyber,15
14,engineering,13
15,english,12
16,consultant,12
17,science,12
18,representative,11
19,analytics,11
20,support,10
21,customer,10
22,software,10
23,development,9
24,business,9
25,intern,9
26,sofia,8
27,lead,8
28,analyst,8
29,marketing,8
30,program,8
31,full,8
32,stack,8
33,technical,7
34,service,7
35,devops,7
36,digital,7
37,remote,7
38,in,7
39,sales,7
40,coordinator,6
41,for,6
42,product,6
43,scientist,5
44,designer,5
45,french,5
46,project,5
47,safety,5
48,delivery,5
49,finance,5
50,sap,5
51,study,5
52,growth,5
53,expert,5
54,trust,4
55,backend,4
56,officer,4
57,emea,4
58,design,4
59,sr,4
60,python,4
61,net,4
62,researcher,4
63,partner,4
64,k,4
65,hr,4
66,dynamics,4
67,associate,3
68,trading,3
69,user,3
70,experience,3
71,cat,3
72,ii,3
73,hybrid,3
74,bb,3
75,speaking,3
76,bulgaria,3
77,junior,3
78,learning,3
79,account,3
80,phpnodejs,3
81,android,3
82,german,3
83,team,3
84,job,3
85,uiux,3
86,acquisition,3
87,architect,3
88,director,3
89,head,2
90,of,2
91,forensic,2
92,cloud,2
93,golang,2
94,smart,2
95,work,2
96,anywhere,2
97,mastery,2
98,spanish,2
99,qa,2
100,construction,2
101,strategy,2
102,back,2
103,end,2
104,benefits,2
105,cybersecurity,2
106,fullstack,2
107,months,2
108,contract,2
109,supervisor,2
110,relocation,2
111,to,2
112,malta,2
113,penetration,2
114,tester,2
115,content,2
116,saas,2
117,application,2
118,mobile,2
119,email,2
120,mwd,2
121,chief,2
122,based,2
123,executive,2
124,ftc,2
125,administrator,2
126,ukg,2
127,fo,2
128,supply,2
129,chain,2
130,directorresearch,1
131,health,1
132,economic,1
133,modelling,1
134,evidera,1
135,high,1
136,frequency,1
137,hft,1
138,accounting,1
139,economist,1
140,fmx,1
141,plovdiv,1
142,survey,1
143,i,1
144,solutions,1
145,arabic,1
146,release,1
147,train,1
148,hyperspace,1
149,contracts,1
150,attorney,1
151,hochschulpraktikantin,1
152,daten,1
153,und,1
154,wissenschaft,1
155,reconciliations,1
156,clinical,1
157,trial,1
158,drug,1
159,rr,1
160,protection,1
161,gdpr,1
162,softwaretester,1
163,dwm,1
164,communications,1
165,buildings,1
166,agile,1
167,tradingexchange,1
168,c,1
169,worldwide,1
170,feasibility,1
171,strategist,1
172,fsp,1
173,java,1
174,englishspeaking,1
175,recruiter,1
176,incident,1
177,problem,1
178,ixp,1
179,build,1
180,code,1
181,fitbit,1
182,dutch,1
183,juniormiddle,1
184,manual,1
185,packaging,1
186,transaction,1
187,services,1
188,danish,1
189,from,1
190,accountant,1
191,supercell,1
192,algorithmsdata,1
193,structures,1
194,crypto,1
195,exchange,1
196,scale,1
197,up,1
198,salary,1
199,range,1
200,base,1
201,stock,1
202,options,1
203,fully,1
204,integration,1
205,kafka,1
206,react,1
207,abap,1
208,embedded,1
209,dveloppeur,1
210,peoplesoftdveloppeuse,1
211,peoplesoft,1
212,go,1
213,europe,1
214,only,1
215,intership,1
216,vulnerability,1
217,ios,1
218,prompt,1
219,principal,1
220,nodetypescript,1
221,regional,1
222,managercistaiwan,1
223,machine,1
224,enterprise,1
225,innovation,1
226,boosters,1
227,angular,1
228,frontend,1
229,owner,1
230,operations,1
231,deskside,1
232,technician,1
233,hardware,1
234,european,1
235,languages,1
236,diversity,1
237,inclusion,1
238,hint,1
239,dwh,1
240,seo,1
241,largescale,1
242,websites,1
243,sites,1
244,quality,1
245,assurance,1
246,spanishenglish,1
247,italianenglish,1
248,live,1
249,gaming,1
250,talent,1
251,norwegian,1
252,market,1
253,channel,1
254,global,1
255,compensation,1
256,monetization,1
257,experimentation,1
258,microservices,1
259,investigator,1
260,grant,1
261,ww,1
262,sdl,1
263,unity,1
264,knowledge,1
265,management,1
266,retainer,1
267,marketer,1
268,automation,1
269,general,1
270,begeleider,1
271,emb,1
272,oud,1
273,managing,1
274,djangoangular,1
275,businesskundenberater,1
276,fr,1
277,ein,1
278,neues,1
279,projekt,1
280,mit,1
281,deutscher,1
282,sprache,1
283,mm,1
284,deputy,1
285,investment,1
286,cio,1
287,onsite,1
288,dubai,1
289,oracle,1
290,infrastructure,1
291,sportsbook,1
292,bulgarian,1
293,month,1
294,client,1
295,search,1
296,revenue,1
297,stage,1
298,ui,1
299,artist,1
300,games,1
301,production,1
302,contractor,1
303,optimizely,1
304,location,1
305,latvia,1
306,riga,1
307,workday,1
308,role,1
309,human,1
310,resources,1
311,must,1
312,background,1
313,partnership,1
314,implementation,1
315,depositary,1
316,ceomanaging,1
317,it,1
318,agency,1
319,salesforce,1
320,landscape,1
321,homeoffice,1
322,cluster,1
323,vehicle,1
324,mechanic,1
325,pcb,1
326,partnerships,1
327,semiconductor,1
328,industry,1
329,costingpricing,1
330,lynk,1
331,co,1
332,geely,1
333,dealer,1
334,network,1
335,advertising,1
336,presales,1
337,blge,1
338,sorumlusu,1
339,istanbul,1
340,enjeksiyon,1
341,operatr,1
342,medical,1
343,aesthetician,1
344,privacy,1
345,chiefsenior,1
346,legal,1
347,advisor,1
348,ref,1
349,no,1
350,dzi,1
351,directeur,1
352,industriel,1
353,boiskit,1
354,ce,1
355,poste,1
356,est,1
357,bas,1
358,au,1
359,maroc,1
360,retention,1
361,lifecycle,1
362,developerdata,1
363,strategic,1
364,gts,1
365,administrative,1
366,fico,1
367,hotel,1
368,etrm,1
369,key,1
370,accounts,1