Cluster,Word
AI,training
AI,train
AI,ai
AI,algorithmsdata
AI,managercistaiwan
AI,retainer
AI,email
AI,dubai
AI,chain
Cybersecurity,security
Cybersecurity,cybersecurity
Cybersecurity,privacy
Software Development,engineering
Software Development,software
Software Development,engineer
Software Development,development
Software Development,softwaretester
Software Development,developer
Software Development,developerdata
Business Analysis,directorresearch
Business Analysis,business
Business Analysis,strategy
Business Analysis,researcher
Business Analysis,businesskundenberater
Design,designer
Design,design
Design,uiux
Miscellaneous,title
Miscellaneous,associate
Miscellaneous,scientist
Miscellaneous,health
Miscellaneous,economic
Miscellaneous,modelling
Miscellaneous,evidera
Miscellaneous,head
Miscellaneous,of
Miscellaneous,high
Miscellaneous,frequency
Miscellaneous,trading
Miscellaneous,hft
Miscellaneous,user
Miscellaneous,experience
Miscellaneous,technical
Miscellaneous,support
Miscellaneous,specialist
Miscellaneous,with
Miscellaneous,french
Miscellaneous,and
Miscellaneous,english
Miscellaneous,customer
Miscellaneous,service
Miscellaneous,representative
Miscellaneous,sofia
Miscellaneous,forensic
Miscellaneous,accounting
Miscellaneous,lead
Miscellaneous,project
Miscellaneous,economist
Miscellaneous,cat
Miscellaneous,ii
Miscellaneous,manager
Miscellaneous,
Miscellaneous,fmx
Miscellaneous,devops
Miscellaneous,internship
Miscellaneous,hybrid
Miscellaneous,plovdiv
Miscellaneous,survey
Miscellaneous,coordinator
Miscellaneous,i
Miscellaneous,bb
Miscellaneous,solutions
Miscellaneous,consultant
Miscellaneous,digital
Miscellaneous,trust
Miscellaneous,safety
Miscellaneous,analyst
Miscellaneous,arabic
Miscellaneous,delivery
Miscellaneous,release
Miscellaneous,for
Miscellaneous,hyperspace
Miscellaneous,senior
Miscellaneous,cloud
Miscellaneous,contracts
Miscellaneous,attorney
Miscellaneous,hochschulpraktikantin
Miscellaneous,daten
Miscellaneous,und
Miscellaneous,wissenschaft
Miscellaneous,backend
Miscellaneous,reconciliations
Miscellaneous,officer
Miscellaneous,clinical
Miscellaneous,trial
Miscellaneous,drug
Miscellaneous,golang
Miscellaneous,data
Miscellaneous,rr
Miscellaneous,finance
Miscellaneous,protection
Miscellaneous,gdpr
Miscellaneous,dwm
Miscellaneous,communications
Miscellaneous,marketing
Miscellaneous,smart
Miscellaneous,buildings
Miscellaneous,agile
Miscellaneous,tradingexchange
Miscellaneous,c
Miscellaneous,worldwide
Miscellaneous,remote
Miscellaneous,work
Miscellaneous,anywhere
Miscellaneous,feasibility
Miscellaneous,strategist
Miscellaneous,fsp
Miscellaneous,emea
Miscellaneous,mastery
Miscellaneous,program
Miscellaneous,java
Miscellaneous,spanish
Miscellaneous,englishspeaking
Miscellaneous,recruiter
Miscellaneous,incident
Miscellaneous,problem
Miscellaneous,sap
Miscellaneous,ixp
Miscellaneous,intern
Miscellaneous,build
Miscellaneous,code
Miscellaneous,fitbit
Miscellaneous,dutch
Miscellaneous,speaking
Miscellaneous,juniormiddle
Miscellaneous,manual
Miscellaneous,qa
Miscellaneous,bulgaria
Miscellaneous,packaging
Miscellaneous,construction
Miscellaneous,transaction
Miscellaneous,services
Miscellaneous,junior
Miscellaneous,danish
Miscellaneous,from
Miscellaneous,in
Miscellaneous,accountant
Miscellaneous,sales
Miscellaneous,learning
Miscellaneous,supercell
Miscellaneous,account
Miscellaneous,back
Miscellaneous,end
Miscellaneous,structures
Miscellaneous,crypto
Miscellaneous,exchange
Miscellaneous,scale
Miscellaneous,up
Miscellaneous,salary
Miscellaneous,range
Miscellaneous,base
Miscellaneous,stock
Miscellaneous,options
Miscellaneous,benefits
Miscellaneous,fully
Miscellaneous,sr
Miscellaneous,integration
Miscellaneous,kafka
Miscellaneous,react
Miscellaneous,cyber
Miscellaneous,full
Miscellaneous,stack
Miscellaneous,abap
Miscellaneous,phpnodejs
Miscellaneous,study
Miscellaneous,embedded
Miscellaneous,dveloppeur
Miscellaneous,peoplesoftdveloppeuse
Miscellaneous,peoplesoft
Miscellaneous,science
Miscellaneous,android
Miscellaneous,python
Miscellaneous,net
Miscellaneous,analytics
Miscellaneous,go
Miscellaneous,europe
Miscellaneous,only
Miscellaneous,intership
Miscellaneous,vulnerability
Miscellaneous,ios
Miscellaneous,german
Miscellaneous,prompt
Miscellaneous,principal
Miscellaneous,nodetypescript
Miscellaneous,regional
Miscellaneous,growth
Miscellaneous,machine
Miscellaneous,enterprise
Miscellaneous,innovation
Miscellaneous,boosters
Miscellaneous,fullstack
Miscellaneous,angular
Miscellaneous,frontend
Miscellaneous,product
Miscellaneous,owner
Miscellaneous,team
Miscellaneous,partner
Miscellaneous,operations
Miscellaneous,months
Miscellaneous,contract
Miscellaneous,deskside
Miscellaneous,technician
Miscellaneous,hardware
Miscellaneous,expert
Miscellaneous,european
Miscellaneous,languages
Miscellaneous,diversity
Miscellaneous,inclusion
Miscellaneous,hint
Miscellaneous,dwh
Miscellaneous,seo
Miscellaneous,largescale
Miscellaneous,websites
Miscellaneous,job
Miscellaneous,sites
Miscellaneous,quality
Miscellaneous,assurance
Miscellaneous,spanishenglish
Miscellaneous,italianenglish
Miscellaneous,supervisor
Miscellaneous,live
Miscellaneous,gaming
Miscellaneous,talent
Miscellaneous,acquisition
Miscellaneous,norwegian
Miscellaneous,market
Miscellaneous,channel
Miscellaneous,global
Miscellaneous,compensation
Miscellaneous,relocation
Miscellaneous,to
Miscellaneous,malta
Miscellaneous,monetization
Miscellaneous,experimentation
Miscellaneous,penetration
Miscellaneous,tester
Miscellaneous,content
Miscellaneous,saas
Miscellaneous,microservices
Miscellaneous,k
Miscellaneous,application
Miscellaneous,investigator
Miscellaneous,grant
Miscellaneous,ww
Miscellaneous,sdl
Miscellaneous,unity
Miscellaneous,knowledge
Miscellaneous,management
Miscellaneous,marketer
Miscellaneous,automation
Miscellaneous,general
Miscellaneous,begeleider
Miscellaneous,emb
Miscellaneous,oud
Miscellaneous,mobile
Miscellaneous,managing
Miscellaneous,djangoangular
Miscellaneous,fr
Miscellaneous,ein
Miscellaneous,neues
Miscellaneous,projekt
Miscellaneous,mit
Miscellaneous,deutscher
Miscellaneous,sprache
Miscellaneous,mwd
Miscellaneous,mm
Miscellaneous,deputy
Miscellaneous,chief
Miscellaneous,investment
Miscellaneous,cio
Miscellaneous,based
Miscellaneous,onsite
Miscellaneous,oracle
Miscellaneous,infrastructure
Miscellaneous,architect
Miscellaneous,sportsbook
Miscellaneous,executive
Miscellaneous,bulgarian
Miscellaneous,month
Miscellaneous,ftc
Miscellaneous,client
Miscellaneous,search
Miscellaneous,revenue
Miscellaneous,stage
Miscellaneous,director
Miscellaneous,ui
Miscellaneous,artist
Miscellaneous,games
Miscellaneous,production
Miscellaneous,contractor
Miscellaneous,optimizely
Miscellaneous,location
Miscellaneous,latvia
Miscellaneous,riga
Miscellaneous,workday
Miscellaneous,role
Miscellaneous,human
Miscellaneous,resources
Miscellaneous,must
Miscellaneous,hr
Miscellaneous,background
Miscellaneous,partnership
Miscellaneous,implementation
Miscellaneous,depositary
Miscellaneous,ceomanaging
Miscellaneous,administrator
Miscellaneous,it
Miscellaneous,agency
Miscellaneous,salesforce
Miscellaneous,landscape
Miscellaneous,homeoffice
Miscellaneous,ukg
Miscellaneous,cluster
Miscellaneous,vehicle
Miscellaneous,mechanic
Miscellaneous,pcb
Miscellaneous,partnerships
Miscellaneous,semiconductor
Miscellaneous,industry
Miscellaneous,costingpricing
Miscellaneous,lynk
Miscellaneous,co
Miscellaneous,geely
Miscellaneous,dealer
Miscellaneous,network
Miscellaneous,advertising
Miscellaneous,presales
Miscellaneous,blge
Miscellaneous,sorumlusu
Miscellaneous,istanbul
Miscellaneous,enjeksiyon
Miscellaneous,operatr
Miscellaneous,medical
Miscellaneous,aesthetician
Miscellaneous,chiefsenior
Miscellaneous,legal
Miscellaneous,advisor
Miscellaneous,ref
Miscellaneous,no
Miscellaneous,dzi
Miscellaneous,directeur
Miscellaneous,industriel
Miscellaneous,boiskit
Miscellaneous,ce
Miscellaneous,poste
Miscellaneous,est
Miscellaneous,bas
Miscellaneous,au
Miscellaneous,maroc
Miscellaneous,retention
Miscellaneous,lifecycle
Miscellaneous,strategic
Miscellaneous,gts
Miscellaneous,administrative
Miscellaneous,fico
Miscellaneous,hotel
Miscellaneous,dynamics
Miscellaneous,fo
Miscellaneous,supply
Miscellaneous,etrm
Miscellaneous,key
Miscellaneous,accounts
